3|RR 2 BOX 152 Greenfield OH 23456
4|RR 40 BOX 63 Dallas TX 75202
5|RR 2 BOX 2013 Portland OR 97218
6|RR 77 BOX 134 San Francisco CA 94115
7|RR 993 BOX 316 Hickory Hills IL 60457
8|RR 44 BOX 568 Solon Springs WI 54873
9|RR 123 Box 456A Meadowville TX 78901
10|RR 456 Box 789B Greenfield OH 23456
11|RR 789 Box 123C Countryside IL 56789
12|RR 234 Box 567D Farmland GA 90123
13|RR 567 Box 890E Ruralville MT 34567
14|RR 890 Box 123F Pastureland AZ 67890
15|RR 345 Box 456G Smalltown CA 23456
16|RR 40 BOX 63 Dallas TX 75202
17|RR 2 BOX 2013 Portland OR 97218
18|RR 77 BOX 134 San Francisco CA 94115
19|RR 993 BOX 316 Hickory Hills IL 60457
20|RR 44 BOX 568 Solon Springs WI 54873
21|RR 89 BOX 625 Cleburn TX 76031
22|RR 33 BOX 4406 COTTON GA 31739
23|RR 876 BOX 4367 Durham NC 27713
24|RR 12 BOX 4054 ROCHESTER MI 48309
25|RR 889 BOX 197 Hopewell Junction NY 12533
26|RR 6 BOX 1730 12533 AL 12533
27|RR 88 BOX 4438 Wilmington NC 28401
28|RR 403 BOX 111 Saugus MA 01906
29|RR 80 BOX 1 Troy MI 48083
30|RR 55 BOX 4551 Prosperity SC 29127
31|RR 905 BOX 239 BARTLETT IL 60103
32|RR 67 BOX 3532 REYNOLDSBURG OH 43069
33|RR 98 BOX 2941 Houston TX 77063
34|RR 55 BOX 4551 Prosperity,SC 29127
35|RR 905 BOX 239 BARTLETT,IL 60103
36|RR 67 BOX 3532 REYNOLDSBURG,OH 43069
37|RR 98 BOX 2941 Houston,TX 77063
38|RR 220 BOX 1499 Pittsburgh,PA 15222
39|RR 887 BOX 477 LINCOLNTON,GA 30817
40|RR 445 BOX 2003 San Diego,CA 92123
41|RR 223 BOX 2038 Milwaukee,WI 53212
42|RR 667 BOX 4203 Houston,TX 77055
43|RR 885 BOX 699 Starke,699 32091
44|RR 43 BOX 962 Baltimore,MD 21202
45|RR 86 BOX 3676 DALLAS,TX 75270
46|RR 7 BOX 1492 San Francisco, CA 94103
47|RR 93 BOX 342 Chicago,IL 60605
48|RR 8876 BOX 3094 Albany, NY 12207
49|RR 668 BOX 3758 Washington,DC 20009
50|RR 56 BOX 3600 Galway,NY 12074
51|RR 22 BOX 1988 FAYETTE, NY 13065
52|RR 5567 BOX 464 Susanville,CA 96130
53|RR 77 BOX 77 FLORAL CITY, FL 34436
54|RR 4 BOX 778 Tallahassee, FL 32303
55|RR 90 BOX 4530 Jackson, MS 39201
56|RR 54 BOX 4325 CAMP HILL, PA 17012
57|RR 66 BOX 4083 LEWISVILLE, AR 71845
58|RR 7854 BOX 496 Franklin, IN 46131
59|RR 44 BOX 4962 ROSEBORO,NC 28382
60|RR 678 BOX 823 Denver, Colorado 80202
61|RR 654 BOX 4023 Montpelier, Indiana 47359
62|RR 7 BOX 3580 RENO, Nevada 89506
63|RR 33 BOX 3281 Evansport, Ohio 43512
64|RR 1 BOX 81 West Nyack, New York 10994
65|RR 87 BOX 2319 Oklahoma City, Oklahoma 73113
66|RR 93 BOX 99 New York, New York 10005
67|RR 345 BOX 2817 HUDSON, South Dakota 57034
68|RR 57 BOX 348 Memphis, Tennessee 38117
69|RR 87 BOX 136 Tucson, Arizona 85701
